program_id,enabled,program_name,application_rate,default_cost,intercept,defoliation_difference,duration40,rfq_effect_size,theta_defoliation,theta_rfq,residuals_mean,residuals_std,cov_1_1,cov_1_2,cov_1_3,cov_1_4,cov_2_2,cov_2_3,cov_2_4,cov_3_3,cov_3_4,cov_4_4
1,TRUE,Aproach,6 fl oz/a,25.09,-0.0190,0.0022,0.0456,-0.0022,0.708336,1.020591,0.0,0.0574,6.73630742e-03,-5.79740553e-03,1.08609010e-04,-6.44281943e-05,6.17926664e-03,-1.61533305e-05,4.19251398e-05,1.65719928e-05,2.16723984e-06,8.45296162e-06
2,TRUE,Aproach fb Fontelis,6 + 16 fl oz/a,66.98,-0.0760,0.0066,0.0661,0.0016,0.700509,1.012894,0.0,0.0569,7.17817135e-03,-6.02136192e-03,2.44122583e-04,6.08266183e-06,6.30299382e-03,-9.79772749e-05,-2.56177143e-05,3.00687204e-05,-1.18513881e-07,4.49479242e-06
3,TRUE,Fontelis,16 fl oz/a,53.39,-0.0970,0.0059,0.0803,-0.0018,0.919026,1.004755,0.0,0.0331,2.14271911e-03,-2.01395158e-03,1.68859556e-05,3.28186232e-05,2.14643784e-03,-1.03457411e-05,-2.28110859e-05,2.69576341e-06,4.26236770e-09,3.73378690e-06
4,TRUE,Headline,6 fl oz/a,21.11,0.0240,0.0014,0.0130,0.0061,0.817598,1.006564,0.0,0.1499,5.73357195e-03,-5.28080185e-03,7.83754475e-05,-2.01987914e-05,8.15871662e-03,1.07531105e-04,-9.01589704e-06,3.67152436e-05,8.93036112e-07,1.33581568e-05
5,TRUE,Priaxor,4 fl oz/a,29.31,0.1019,0.0048,-0.0487,0.0070,0.667129,1.001720,0.0,0.1178,3.58068769e-03,-3.27763351e-03,3.91772773e-05,-1.80827115e-05,5.18377960e-03,6.49855822e-05,1.77493620e-05,1.38080683e-05,2.94048829e-07,6.42860400e-06
6,TRUE,Quadris,9 fl oz/a,26.27,0.0464,0.0071,-0.0001,0.0040,0.930354,1.016001,0.0,0.1119,3.24360687e-03,-3.12331591e-03,5.19723160e-05,1.73364191e-05,4.42221176e-03,9.33130387e-06,-2.08422102e-05,2.81583873e-05,-2.76278130e-06,8.15293496e-06
